Title,Yr,Dir,Link,audio,Number,Sektor,Märkus
Allo Allo S1-S2-S3-S4-S5 15,1982,SERIES,http://www.imdb.com/title/tt0086659/,eng/eng/fin/-,,XBOX,
Police Squad!,1982,SERIES,http://www.imdb.com/title/tt0083466/,eng/,57,PAIS-RUMO,
12 Angry Men,1957,Lumet, S.,http://www.imdb.com/title/tt0050083/,eng,184,KIRV-MAAO,
12 стульев,1971,Gaidai, L.,http://us.imdb.com/Title?0065670,rus/est,,XRET,
12 стульев 2,1977,Zahharov, Mark,http://www.imdb.com/title/tt0075468/,rus/-,163,TINK-YVER,
20 Million Miles to Earth,1957,Juran, Nathan,http://www.imdb.com/title/tt0050084/,eng,129,HERN-KIRU,
2001: A Space Odyssey,1968,Kubrick, S.,http://www.imdb.com/title/tt0062622/,eng,199,KIRV-MAAO,
3.10 to Yuma,1957,Daves, D.,http://www.imdb.com/title/tt0050086/,eng/eng,162,A-DYN,
300 Spartans,1962,Maté, Rudolph ,http://www.imdb.com/title/tt0055719/,eng/eng,26,MAAP-PAIR,
36 Quai des Orfèvres,2004,11,http://us.imdb.com/Title?0390808,fra/est,,XRET,
A Bronx Tale,1993,De Niro, R.,http://www.imdb.com/title/tt0106489/,eng/fin,,XRET,
A Clockwork Orange,1971,Kubrick, S.,http://us.imdb.com/Title?0066921,eng/eng,191,KIRV-MAAO,
A Scanner Darkly,2006,Linklater, R.,http://www.imdb.com/title/tt0405296/,,187,KIRV-MAAO,
A Tanu,1969,Bacso, P.,http://www.imdb.com/title/tt0065067/,hun/eng,21,A-DYN,
A View to a Kill,1985,Glen, J.,http://www.imdb.com/title/tt0090264/,eng/fin,,XRET,
Abre de los ojos,1997,Amenabar, A. ,http://www.imdb.com/title/tt0125659/,,36,A-DYN,
Adios Sabata,,,,,,,
Africa Addio,1966,Jacopetti, G.,http://www.imdb.com/title/tt0060073/,,131,HERN-KIRU,
Aguirre, der Zorn Gottes,1972,Herzog, W. ,http://www.imdb.com/title/tt0068182/,,122,HERN-KIRU,
Akahige Red Beard,1965,Kurosawa, A.,http://www.imdb.com/title/tt0058888/,jpn/eng,,XBOX,
Alatriste,2006,Diaz Yanes,http://www.imdb.com/title/tt0395119/,spa/eng,116,A-DYN,
Alibaba Aur Chalis Chor / Приключения Али-Бабы и сорока разбойников Ali-Baba and 40 Theieves,1980,,http://www.imdb.com/title/tt0079749/,hin/eng,,XRET,http://jupiter.neetud.com/2007/11/ali-baba-seiklused-ja-40-rvlit-1980.html
Alice Doesnt Live Here Anymore,1974,Scorsese, M. ,http://www.imdb.com/title/tt0071115/,eng,155,RUND-TING,
Alien,1979,Scott, R.,http://www.imdb.com/title/tt0078748/,,143,RUND-TING,
Alien vs. Predator - Requiem,2007,Strause, E.,http://www.imdb.com/title/tt0758730/,eng/-,141,RUND-TING,
Alien³,1992,Fincher, David,http://www.imdb.com/title/tt0103644/,eng/eng,54,E-HERM,
Aliens,1986,Cameron, J.,http://www.imdb.com/title/tt0090605/,,100,A-DYN,
All Quiet on the Western Front,1979,Mann, D.,http://us.imdb.com/Title?0078753,,14,MAAP-PAIR,
Altered States,1980,Russell, Ken,http://www.imdb.com/title/tt0080360/,,,RUND-TING,
Alucarda, la hija de las tinieblas,1978,Lopez Moctezuma, J,http://www.imdb.com/title/tt0075666/,,91,KIRV-MAAO,
Ambavi Suramis tsikhitsa Legend of Suram Fortress,1984,Parajanov, S.,http://www.imdb.com/title/tt0087606/,gru/eng,,,
American History X,1998,Kaye, Tony,http://www.imdb.com/title/tt0120586/,eng/,,HERN-KIRU,
Ancient Evil,2000,,http://www.imdb.com/title/tt0231138/,eng/est,,XRET,väga alb vilm
And Now Something Completely Different,1971,MacNaughton, Ian,http://www.imdb.com/title/tt0066765/,eng/,104,MAAP-PAIR,
Android,1982,Lipstadt, Aaron,http://www.imdb.com/title/tt0083557/,eng/-,,XRET,http://jupiter.neetud.com/2009/02/android-1982.html
Animated Soviet Propaganda 4,2007,Antoloogia,,rus/eng,,,
Animators Survival Kit - Richard Williams Sampler,2001,Williams, R.,http://www.imdb.com/name/nm0931530/,eng,175,TINK-YVER,
Apocalypto,2006,Gibson, Mel,http://www.imdb.com/title/tt0472043/,-/eng,48,E-HERM,Luu
Around the World in 80 Days 2,1956,Anderson, M.,http://www.imdb.com/title/tt0048960/,eng/eng,7,A-DYN,http://jupiter.neetud.com/2008/10/80-pevaga-mber-maailma-1956.html
Arrebato,1980,Zulueta, Ivan,http://www.imdb.com/title/tt0078797/,spa/eng,,TINK-YVER,
Asoka,2001,Shivan, S.,http://www.imdb.com/title/tt0249371/,hin/eng,128,RUND-TING,http://jupiter.neetud.com/2008/11/asoka-2001.html
Aziris Nuna,2006,Kompasov, O.,http://www.imdb.com/title/tt0479767/,,176,KIRV-MAAO,
Babas Bilar,2006,Edholm, Rafael,http://www.imdb.com/title/tt0473609/,swe/fin,71,E-HERM,
Ballad of Cable Hogue,1970,Peckinpah,http://www.imdb.com/title/tt0065446/,eng/eng,69,PAIS-RUMO,
Barry Lyndon,1975,Kubrick, S.,http://us.imdb.com/Title?0072684,,,KIRV-MAAO,
Before the Devil Knows Youre Dead,2007,Lumet, Sydney,http://www.imdb.com/title/tt0292963/,eng/,,KIRV-MAAO,
Being There,1979,Ashby, H.,http://www.imdb.com/title/tt0078841/,eng/eng,86,A-DYN,
Beowulf & Grendel,2005,Gunnarsson, S.,http://www.imdb.com/title/tt0402057/,,80,E-HERM,
Blackout In Rome Era notte a Roma,1960,Rosselini, R.,http://www.imdb.com/title/tt0052781/,ita/eng,,,
Blaise Pascal,1972,Rossellini, Roberto,http://www.imdb.com/title/tt0066839/,fra/eng,,PAIS-RUMO,http://jupiter.neetud.com/2009/02/blaise-pascal-1972.html
Boarding Gate,2007,Assayas, O. ,http://www.imdb.com/title/tt0493402/,eng/eng,19,A-DYN,
Bolwieser,1977,Fassbinder,http://www.imdb.com/title/tt0075776/,,117,E-HERM,
Borsalino,1970,Deray, Jacques,http://www.imdb.com/title/tt0065486/,fra/eng,,,
Bride of Frankenstein,1935,,http://www.imdb.com/title/tt0026138/,eng/eng,,XBOX,
Bride of the Monster,1955,,http://www.imdb.com/title/tt0047898/,eng/-,,XBOX,
Brothers Bearhearts,2005,Riho Unt,,,173,TINK-YVER,
Bullitt,1968,Yates, P.,http://www.imdb.com/title/tt0062765/,eng/eng,,XRET,
Buster Keaton Vol 1,,MIX,,,,XRET,
Butch Cassidy and Sundance Kid,1969,Hill, G. R.,http://www.imdb.com/title/tt0064115/,eng/fin,,XRET,
Caligula,1979,Brass, T.,http://www.imdb.com/title/tt0080491/,,89,A-DYN,Luu
Captain Kidd,,,http://us.imdb.com/Title?0037576,,,,
Cartesius,1974,Rossellini, Roberto,http://www.imdb.com/title/tt0161382/,ita/eng,,PAIS-RUMO,
Casablanca,1942,Curtiz, Michael,http://www.imdb.com/title/tt0034583/,eng/,102,A-DYN,
Casino Royale,1967,Feldman, C.,http://www.imdb.com/title/tt0061452/,eng,73,E-HERM,
Cherry, Harry and Raquel,1970,Meyer, R.,http://www.imdb.com/title/tt0064160/,eng/-,,,
Children of Men,2006,Cuarón, A.,http://www.imdb.com/title/tt0206634/,eng/eng,92,A-DYN,
Children of the Dune,2000,,http://us.imdb.com/Title?0142032,,,,
Choke,2001,Sjogren, J.,http://www.imdb.com/title/tt0265118/,eng/est,,XRET,
Chronological Donald 1 3,,TV,,,1,L,
Cidade de Deus,2002,Meirelles, F.,http://www.imdb.com/title/tt0317248/,por/eng,24,MAAP-PAIR,
Circus of Fear,1966,Moxey, J. L.,http://www.imdb.com/title/tt0060865/,eng,,XRET,Lee, Kinski
Città violenta Violent City,1976,Sollima, S.,http://www.imdb.com/title/tt0065555/,eng/-,,RUND-TING,
Clan of the Cave Bear,1986,Chapman, M.,http://www.imdb.com/title/tt0090848/,eng,99,A-DYN,
Clash of the Titans,1981,Davis, D. ,http://www.imdb.com/title/tt0082186/,,40,A-DYN,
Cleopatra 2,1963,Mankiewicz, J.,http://www.imdb.com/title/tt0056937/,eng/eng,,XRET,
Close Encounters of the Third Kind,1977,Spielberg, S.,http://www.imdb.com/title/tt0075860/,eng,144,RUND-TING,
Common Law Cabin,1967,Meyer, R.,http://www.imdb.com/title/tt0061504/,eng/-,,,
Conan the Barbarian,1982,Milius, J.,http://www.imdb.com/title/tt0082198/,eng,20,MAAP-PAIR,
Conan the Destroyer,1984,Fleischer, R. ,http://www.imdb.com/title/tt0087078/,eng,66,E-HERM,
Convoy,1978,Peckinpah, S.,http://www.imdb.com/title/tt0077369/,eng/-,51,PAIS-RUMO,
Coogans Bluff,1968,Siegel, D.,http://www.imdb.com/title/tt0062824/,eng/eng,121,RUND-TING,
Cool Hand Luke,1967,Rosenberg, S.,http://www.imdb.com/title/tt0061512/,,45,PAIS-RUMO,
Cop Land,1997,,http://www.imdb.com/title/tt0118887/,eng/fin,,XRET,
Corpse Bride,2005,Burton, Tim ,http://www.imdb.com/title/tt0121164/,eng/eng,29,A-DYN,
Cosi fan tutte,1992,Brass, Tinto,http://www.imdb.com/title/tt0104014/,eng/est,,XRET,
Count Dracula,1977,Saville, P.,http://www.imdb.com/title/tt0075882/,,156,RUND-TING,
Countess Dracula,1971,Hammer Box,http://www.imdb.com/title/tt0065580/,eng/-,,XBOX,http://jupiter.neetud.com/2007/11/countess-dracula-1971.html
Coup de Torchon,1981,Tavernier, Bertrand,http://www.imdb.com/title/tt0070723/,fra/eng,87,RUND-TING,
Cross of Iron,1977,Peckinpah, S.,http://www.imdb.com/title/tt0074695/,,48,PAIS-RUMO,
Dacii,1967,Nicolaescu, S.; hardsub,http://www.imdb.com/title/tt0060482/,rum/eng,31,MAAP-PAIR,http://jupiter.neetud.com/2008/02/daaklased-1967.html
Dads Army,,,http://us.imdb.com/Title?0062552,,,XRET,
Dagon,2001,,http://us.imdb.com/Title?0264508,eng/est,,XRET,
Dai-bosatsu tôge Sword of Doom,1966,Okamoto, K,http://www.imdb.com/title/tt0060277/,jap/eng,106,MAAP-PAIR,
Damien - Omen II,1978,Taylor, D.,http://www.imdb.com/title/tt0077394/,eng/eng,83,RUND-TING,
Dark Star,1974,Carpenter, J.,http://www.imdb.com/title/tt0069945/,eng/,15,A-DYN,
Das Boot,1981,Petersen, W.,http://www.imdb.com/title/tt0082096/,ger/eng,,XRET,
Das Cabinet des Dr. Caligari,1920,Wiene, Robert,http://www.imdb.com/title/tt0010323/,-/eng,,,
Das Leben der Anderen,2006,Von Donnersmarck, F.H.,http://www.imdb.com/title/tt0405094/,ger/eng,,,
Das Testament des Dr. Mabuse,1933,Lang, Fritz,http://www.imdb.com/title/tt0023563/,,170,KIRV-MAAO,
Daughter of Dracula,1936,,http://www.imdb.com/title/tt0027545/,eng/fin,,XBOX,
Dead Pool,1988,Van Horn, Buddy,http://www.imdb.com/title/tt0094963/,eng/eng,158,HERN-KIRU,
Déjà vu,1988,,http://us.imdb.com/Title?0097253,rus/eng,,XRET,
Der Golem,1920,Boese, Karl,http://www.imdb.com/title/tt0011237/,-/ger,119,A-DYN,
Der Untergang,2004,Hirschbiegel, O.,http://us.imdb.com/Title?0363163,ger/-,135,HERN-KIRU,
Dersu Uzala,1975,Kurosawa,A.,http://us.imdb.com/Title?0071411,rus/fin,,XRET,
Dharam-Veer,1977,,http://www.imdb.com/title/tt0213611/,hin/eng,,XRET,
Die Säge des Todes Bloody Moon,1981,Franco, Jess ,http://www.imdb.com/title/tt0083156/,eng/-,44,E-HERM,
Dirty Harry,1971,Siegel, Don,http://www.imdb.com/title/tt0066999/,,127,RUND-TING,
Dirty Harry Bonus,,DOC,,,9,L,
Django,1967,Corbucci, Sergio,http://www.imdb.com/title/tt0060315/,,95,A-DYN,
Django spara per primo,1966,De Marino, A.,http://www.imdb.com/title/tt0061582/,ita/eng,93,A-DYN,
Dobry vojak Svejk,1957,Stekly, Karel,http://www.imdb.com/title/tt0049147/,chz/eng,,XRET,
Doctor Who: Keeper of Traken,1981,Black, J.,http://www.imdb.com/title/tt0562925/,eng,25,A-DYN,
Dr. No,1962,Young, T.,http://us.imdb.com/Title?0055928,eng/fin,,XRET,
Dracula,1931,,http://us.imdb.com/Title?0021814,eng/eng,,XBOX,
Dracula cerca sangue di vergine... e morì di sete!!! Blood for Dracula,1974,Morrissey, Paul,http://www.imdb.com/title/tt0071233/,eng/-,8,MAAP-PAIR,
Dracula Has Risen from the Grave,1968,Francis, Freddie,http://www.imdb.com/title/tt0062909/,eng/eng,47,E-HERM,
Dreams,1990,Kurosawa, A.,http://www.imdb.com/title/tt0100998/,jap/eng,159,HERN-KIRU,
Dreams in the Witch House,2005,Gordon, S.,http://www.imdb.com/title/tt0643104/,eng/-,60,E-HERM,
Due occhi diabolici Two Evil Eyes,1990,Argento+Romero,http://www.imdb.com/title/tt0100827/,eng/-,107,A-DYN,
Dune,1984,Lynch, D.,http://us.imdb.com/Title?0087182,eng/est,,XRET,
È già ieri,2004,Manfredonia, G.,http://www.imdb.com/title/tt0374358/,ita/eng,2,MAAP-PAIR,
È tornato Sabata... hai chiuso unaltra volta / Return of Sabata,1971,,http://www.imdb.com/title/tt0067672/,eng/eng,,PAIS-RUMO,
E tu vivrai nel terrore - Laldilà The Beyond,1981,Fulci, L.,http://www.imdb.com/title/tt0082307/,,76,E-HERM,
Eastern Promises,2007,Cronenberg,http://www.imdb.com/title/tt0765443/,eng/eng,108,A-DYN,
El Cid,1961,Mann, A.,http://www.imdb.com/title/tt0054847/,eng,27,MAAP-PAIR,http://jupiter.neetud.com/2008/05/el-cid-1961.html
El Espanto surge de la tumba Horror Rises from the Tomb,1973,Aured, C.,http://www.imdb.com/title/tt0070039/,esp/eng,16,A-DYN,
El Espinazo del diablo,2001,Del Toro, G. ,http://www.imdb.com/title/tt0256009/,,35,A-DYN,
El Jorobado del la morgue Hunchback of the Morgue,1973,Aguirre, Javier ,http://www.imdb.com/title/tt0068772/,,14,A-DYN,
El Laberinto del Fauno,2006,Del Toro, G.,http://www.imdb.com/title/tt0457430/,,88,A-DYN,
El libro de piedra,1969,Taboada, C. E.,http://www.imdb.com/title/tt0242601/,spa/eng,,,
El Norte,1983,Nava, Gregory,http://www.imdb.com/title/tt0085482/,,,MAAP-PAIR,
El Orfanato,2007,Bayona,http://www.imdb.com/title/tt0464141/,esp/eng,27,A-DYN,http://jupiter.neetud.com/2008/09/el-orfanato-2007.html
El secreto del Dr. Orloff Dr. Orloffs Monster,1964,Franco, J.,http://www.imdb.com/title/tt0058563/,esp/eng,55,E-HERM,
Elizabeth I,2005,Hooper, Tom,http://www.imdb.com/title/tt0465326/,eng/est,,XRET,
Elizabeth: The Golden Age,2007,Kapur, S.,http://www.imdb.com/title/tt0414055/,eng/eng,125,HERN-KIRU,
Enemy Mine,1985,Petersen, W.,http://www.imdb.com/title/tt0089092/,eng/eng,,PAIS-RUMO,http://jupiter.neetud.com/2008/04/minu-vaenlane-1985.html
Erik the Viking,1989,Jones, Terry,http://www.imdb.com/title/tt0097289/,eng/eng,151,HERN-KIRU,
Escape to Athena,1979,Cosmatos, G. D.,http://www.imdb.com/title/tt0079117/,,91,A-DYN,
Evil Under the Sun,1982,Hamilton, Guy,http://www.imdb.com/title/tt0083908/,eng/fin,,XRET,
Extra Weird Sampler,,MIX,,,101,E-HERM,
Eyes Wide Shut,1999,Kubrick, S.,http://us.imdb.com/Title?0120663,,179,KIRV-MAAO,
Fallo!,2003,Tinto Brass,http://www.imdb.com/title/tt0372909/,ita/est,,XRET,
Fantastic Four,2005,Stroy, T.,http://www.imdb.com/title/tt0120667/,,152,RUND-TING,
Faster, Pussycat! Kill! Kill!,1965,Meyer, Russ,http://us.imdb.com/Title?0059170,eng/-,25,MAAP-PAIR,
Faust,1926,Murnau, F. W.,http://www.imdb.com/title/tt0016847/,,16,MAAP-PAIR,
Fawlty Towers,1975,,http://us.imdb.com/Title?0072500,,,,
Festival Shorts,,MIX,,,113,E-HERM,Compilation
Fidibus,2006,Joof, H.,http://www.imdb.com/title/tt0481995/,dan/fin,143,HERN-KIRU,
Fitzcarraldo,1982,Herzog, W.,http://www.imdb.com/title/tt0083946/,ger/eng,130,HERN-KIRU,
For a Few Previews More,2003,,http://www.lfvw.com/for_few_previews.htm,eng/-,102,E-HERM,
Forbidden Movies from the Brothels of Paris,2004,DOC,http://www.plume-noire.com/movies/cult/forbiddenmovies.html,,1,L,
Force 10 From Navarone,1978,Guy Hamilton,http://www.imdb.com/title/tt0077572/,eng/eng,,,http://jupiter.neetud.com/2009/02/force-10-from-navarone-1978.html
Fort Apache,1948,Ford, J.,http://www.imdb.com/title/tt0040369/,eng,78,E-HERM,
Fortress,1993,Gordon, S.,http://www.imdb.com/title/tt0106950/,eng/eng,53,E-HERM,o: Chr. Lambert
Frankenstein,1931,,http://www.imdb.com/title/tt0021884/,eng/eng,,XBOX,
Frankenstein meets the Wolf Man,1943,,http://www.imdb.com/title/tt0035899/,eng/eng,,XBOX,
From Beyond,1986,Gordon, S.,http://us.imdb.com/Title?0091083,,72,E-HERM,
From Russia With Love,1963,Young, T.,http://us.imdb.com/Title?0057076,eng/fin,,XRET,
Full Metal Jacket,1987,Kubrick, S.,http://www.imdb.com/title/tt0093058/,,188,KIRV-MAAO,
Funny Man,1994,Sprackling, S.; o: C. Lee,http://www.imdb.com/title/tt0109858/,eng/-,126,RUND-TING,
Gamle maend i nye biler,2002,Olsen, L. S.,http://www.imdb.com/title/tt0246692/,dan/eng,6,MAAP-PAIR,
Get Carter,1971,Hodges, Mike,http://www.imdb.com/title/tt0067128/,eng,152,HERN-KIRU,
Ghost of Frankenstein,1942,,http://www.imdb.com/title/tt0034786/,eng/eng,,XBOX,
Giallo,2009,Argento, D.,http://www.imdb.com/title/tt1107816/,eng/-,,,
Giù la testa Fistful of Dynamite,1971,Leone, S.,http://www.imdb.com/title/tt0067140/,,196,KIRV-MAAO,
Golem,1980,Szulkin, P.,http://www.imdb.com/title/tt0080806/,pol/eng,113,RUND-TING,
Gomorra,2008,Garrone, M.,http://www.imdb.com/Title?0929425,ita/eng,,E-HERM,
Goodbye, Lenin!,2003,,http://www.imdb.com/title/tt0301357/,ger/est,,XRET,
Goodfellas 2,1990,Scorsese, M.,http://www.imdb.com/title/tt0099685/,eng,135,RUND-TING,
Gritos en la noche Awful Dr. Orloff,1962,Franco, Jess ,http://www.imdb.com/title/tt0056040/,esp/eng,56,E-HERM,http://jupiter.neetud.com/2008/06/gritos-en-la-noche-1962.html
Gunhed,1989,Harada, Masato,http://www.imdb.com/title/tt0097410/,jap/-eng,118,E-HERM,
Hands of the Ripper,1971,Horror Box,http://www.imdb.com/title/tt0067176/,eng/-,,XBOX,
Hang Em High,1968,Post, T.,http://www.imdb.com/title/tt0061747/,eng/eng,49,PAIS-RUMO,
Happiness,1998,,http://us.imdb.com/Title?0147612,,,XRET,
Hard Times,1978,Hill, Walter,http://www.imdb.com/title/tt0073092/,eng/eng,155,HERN-KIRU,http://jupiter.neetud.com/2009/01/hard-times-1975.html
Highlander,1986,Mulcahy, R.,http://www.imdb.com/title/tt0091203/,eng,22,MAAP-PAIR,
History of the World: Part I,1981,Brooks, M.,http://www.imdb.com/title/tt0082517/,eng/eng,82,A-DYN,
Hitokiri Ginji Ginji the Slasher,2003,Miyasaka, T.,http://www.imdb.com/title/tt0757988/,jap/eng,,XRET,
Hobitit,1993,Torikka, T.,http://www.imdb.com/title/tt0441925/,fin/-,162,TINK-YVER,
Hot Millions,1968,Till, Eric,http://www.imdb.com/title/tt0063094/,eng/-,122,RUND-TING,
House of Dracula,1945,,http://www.imdb.com/title/tt0037793/,eng/fin,,XBOX,
House of Exorcism,1973,Bava, Leone,http://www.imdb.com/title/tt0068863/,ita/eng,,XRET,http://jupiter.neetud.com/2008/10/lisa-and-devil-1973.html
House of Frankenstein,1944,,http://www.imdb.com/title/tt0036931/,eng/eng,,XBOX,
I Coltelli del vendicatore Knives of the Avenger,1966,Bava, M.,http://www.imdb.com/title/tt0059045/,eng/eng,,XBOX,
I Dont Want to Be Born,1975,Horror Box,http://www.imdb.com/title/tt0072867/,eng/-,,XBOX,
I frati rossi Red Monks,1988,Martucci, G.,http://www.imdb.com/title/tt0095175/,eng,15,MAAP-PAIR,
I Hired a Contract Killer,1990,Kaurismäki, A.,http://www.imdb.com/title/tt0099818/,,124,HERN-KIRU,
I Kina spiser de hunde,1999,Olsen, L. S.,http://www.imdb.com/title/tt0180748/,dan/fin,5,MAAP-PAIR,
I tre voltri della paura Black Sabbath,1963,Bava, M.,http://www.imdb.com/title/tt0057603/,ita/eng,,XBOX,http://jupiter.neetud.com/2007/10/black-sabbath-1963.html
Ikiru,1952,Kurosawa, A.,http://www.imdb.com/title/tt0044741/,jpn/eng,,XBOX,
Il Boss,1973,Di Leo, F.,http://www.imdb.com/title/tt0069818/,ita/eng,12,A-DYN,
Il Buono, il brutto, il cattivo The Good, the Bad, the Ugly,1966,Leone, S.,http://www.imdb.com/title/tt0060196/,eng/eng,,XRET,
Il capo dei capi 7,2007,Monteleone/Cahill,http://www.imdb.com/title/tt1047931/,ita/fin,,,Peedu
Il Conformista,1970,Bertolucci, B.,http://www.imdb.com/title/tt0065571/,ita/eng,34,A-DYN,
Il Fiore delle mille e una notte Arabian Nights,1974,Pier Paolo Pasolini,http://us.imdb.com/Title?0071502,ita/ned,,XRET,
Il Mondo dellorrore di Dario Argento World of Horror,1985,DOC,http://www.imdb.com/title/tt0088989/,ita/eng,,XRET,Dokumentaal
In Cold Blood,1967,Brooks, R.,http://www.imdb.com/title/tt0061809/,eng/eng,94,A-DYN,
Inferno,1980,Argento, Dario,http://www.imdb.com/title/tt0080923/,eng,18,A-DYN,
Inka$$o,2004,Olsen, L. S.,http://www.imdb.com/title/tt0400538/,dan/eng/fin,36,MAAP-PAIR,http://jupiter.neetud.com/2008/12/inkasso-2004.html
Inland Empire,2006,Lynch, David,http://www.imdb.com/title/tt0460829/,eng,168,KIRV-MAAO,
Invasion of the Body Snatchers,1956,Siegel, D.,http://www.imdb.com/title/tt0049366/,eng,134,RUND-TING,
Ivanhoe 3,1997,Orme, S.,http://www.imdb.com/title/tt0118354/,eng,11,MAAP-PAIR,
Jigoku 2,1960,Nakagawa,http://www.imdb.com/title/tt0154683/,jap/eng,39,MAAP-PAIR,
Joe Kidd,1972,Sturges, J.,http://www.imdb.com/title/tt0068768/,eng/eng,132,RUND-TING,
Jôi-uchi: Hairyô tsuma shimatsu Samurai Rebellion 2õ,1967,Kobayashi, Masaki,http://www.imdb.com/title/tt0061847/,jap/eng,107,KIRV-MAAO,
Jour de fête,1949,Tati, J.,http://www.imdb.com/title/tt0040497/,fra,145,RUND-TING,
Kagemusha 2,1980,Kurosawa, A.,http://www.imdb.com/title/tt0080979/,jap/eng,161,KIRV-MAAO,2x
Kakushi-toride no san-akunin Hidden Fortress,1958,Kurosawa, A.,http://www.imdb.com/title/tt0051808/,jpn/eng,,XBOX,
Kataude mashin gâru The Machine Girl,2008,Iguchi, N.,http://www.imdb.com/title/tt1050160/,jpn/eng,123,HERN-KIRU,
Kautokeino-opprøret,2008,Gaup, Nils,http://www.imdb.com/title/tt0479937/,nor/eng,112,E-HERM,http://jupiter.neetud.com/2009/01/kautokeino-mss-2008.html Luu
Keoma,1976,Castellari, E.,http://www.imdb.com/title/tt0074740/,eng/fin,37,A-DYN,
Kiba okaminosuke jigoku giri Samurai Wolf II,1967,Gosha, Hideo,http://www.imdb.com/title/tt0199681/,jap/eng,85,E-HERM,
Kobra Verde,1987,Hertzog,http://www.imdb.com/title/tt0094888/,ger/eng,156,HERN-KIRU,
Kolberg,1945,Harlan, V.,http://www.imdb.com/title/tt0036989/,ger/eng hardsub,61,E-HERM,hardsub
Konets operatsii Rezident,1986,Dorman, V. ,http://www.imdb.com/title/tt0266702/,rus/-,32,A-DYN,
Kramer vs. Kramer,1979,,http://www.imdb.com/title/tt0079417/,eng/eng,,XRET,
Kronos,1957,Neumann, Kurt,http://www.imdb.com/title/tt0050610/,eng/-,17,MAAP-PAIR,
Krótki film o zabijaniu Short Film About Killing,1988,Kieslowski, K.,http://www.imdb.com/title/tt0095468/,,160,HERN-KIRU,
Kummeli: Artisti maksaa,1991,Kummeli,http://us.imdb.com/Title?0174404,fin,177,KIRV-MAAO,2x 93/94 season
Kummeli: Kyllä lähtee,1991,Kummeli,http://us.imdb.com/Title?0174404,fin,189,KIRV-MAAO,2x 91/92 season
Kummeli: Lihaksia ja luoteja,1996,Kummeli,http://www.imdb.com/title/tt0115246/,fin/-,163,KIRV-MAAO,2x
Kumonosu jô Throne of Blood,1957,Kurosawa, A.,http://www.imdb.com/title/tt0050613/,jpn/eng,,XBOX,
Kurenai no buta Porco Rosso,1992,Miyazaki, H.,http://www.imdb.com/title/tt0104652/,jap/eng,34,MAAP-PAIR,
Kuudesti laukeava & Muuttuuko ihminen,,,,,,,
Kwaidan 2,1964,Kobayashi, M.,http://www.imdb.com/title/tt0058279/,jap/eng,119,KIRV-MAAO,
LAnimal,1977,Zidi, Claude; o: Belmondo,http://www.imdb.com/title/tt0075683/,fra/rus,177,TINK-YVER,http://jupiter.neetud.com/2008/02/elajas-1977.html
LEclisse,1962,Antonionni, Michelangelo,http://www.imdb.com/title/tt0056736/,,,A-DYN,
LEtà di Cosimo de Medici The Time of Medici,1973,Rossellini, Roberto,http://www.imdb.com/title/tt0069684/,,,PAIS-RUMO,
LÉventreur de Notre-Dame Demoniac,1979,,http://www.imdb.com/title/tt0083155/,eng/-,,XRET,
LOdissea 2,1968,Rossi, Franco,http://www.imdb.com/title/tt0064750/,ita/ita/eng,101,XRET,http://jupiter.neetud.com/2008/12/odsseia-1968.html
LUccello dalle piume di cristallo Bird with the crystal plumage,1970,Dario Argento,http://www.imdb.com/title/tt0065143/,ita/fin,,XRET,
La Bête The Beast,1975,Borowczyk. W.,http://www.imdb.com/title/tt0072752/,fra/eng hardsub,104,A-DYN,Luu
La Cité des enfants perdus City of Lost Children,1995,Jeunet, J. P.,http://www.imdb.com/title/tt0112682/,eng/-,,XRET,
La corta notte delle bambole di vetro Short Night of Glass Dolls,1971,Lado, Aldo,http://www.imdb.com/title/tt0067384/,eng/-,169,KIRV-MAAO,http://jupiter.neetud.com/2008/10/short-night-of-glass-dolls-1971.html
La isla misteriosa,1973,Bardem, J. A.; hardsub,http://www.imdb.com/title/tt0068748/,ger/eng hardsub,146,A-DYN,http://jupiter.neetud.com/2008/08/la-isla-misteriosa-1973.html
La Marca del Hombre-lobo Frankensteins Bloody Terror,1968,Lopez Equilus, E.,http://www.imdb.com/title/tt0063275/,,175,KIRV-MAAO,
La Principessa nuda,1976,Canevari, C.,http://www.imdb.com/title/tt0134906/,ita/eng,20,A-DYN,
La ragazza che sapeva troppo The Girl Who Knew Too Much,1963,Bava, M.,http://www.imdb.com/title/tt0057443/,eng/eng,,XBOX,
La Saga de los Dracula The Dracula Saga,1972,Klimovsky, L.,http://www.imdb.com/title/tt0069208/,esp/eng,167,KIRV-MAAO,http://jupiter.neetud.com/2008/10/dracula-saga-1972.html
La Terza Madre,2007,Argento, D.,http://www.imdb.com/title/tt0804507/,ita/eng,22,A-DYN,http://jupiter.neetud.com/2008/05/la-terza-madre-2007.html
Labyrinth,1986,Henson, Jim,http://www.imdb.com/title/tt0091369/,eng/eng,62,E-HERM,
Lagaan,2001,Gowariker, A.,http://www.imdb.com/title/tt0169102/,hin/,65,E-HERM,
Last House on the Left,1972,Wes Craven,http://www.imdb.com/title/tt0068833/,,84,A-DYN,
Last Temptation of Christ,1988,Scorsese, M.,http://www.imdb.com/Title?0095497,eng/fin,,XRET,
Last Train from Gun Hill,1959,Sturges, J.,http://www.imdb.com/title/tt0052993/,eng/eng,,RUND-TING,
Last Woman on Earth,1960,,http://us.imdb.com/Title?0054017,,,,
Le Cercle rouge,1970,Melville, J.-P.,http://www.imdb.com/title/tt0065531/,,3,MAAP-PAIR,
Le Corbeau,1943,,http://us.imdb.com/Title?0035753,,,XRET,
Le deuxième Souffle 2,1966,Melville, J.-P.,http://www.imdb.com/title/tt0060305/,fra/eng,37,MAAP-PAIR,
Le Doulos,1962,Melville, J.-P.,http://www.imdb.com/title/tt0054821/,fra/eng,4,MAAP-PAIR,
Le Foto di Gioia Delirium,1987,Bava, L.,http://www.imdb.com/title/tt0093043/,,39,A-DYN,
Le Samourai,1967,Melville, J.-P.,http://www.imdb.com/title/tt0062229/,fra/eng,81,MAAP-PAIR,
Les Amants The Lovers,1958,Malle, Louis,http://www.imdb.com/title/tt0052556/,fra/eng,,KIRV-MAAO,
Les Diaboliques,1955,Clouzot,http://www.imdb.com/title/tt0046911/,fra/eng,,,
Les Héroïnes du mal,1979,Borowczyk, Walerian,http://www.imdb.com/title/tt0079320/,fra/eng,109,A-DYN,
Les Vacances de M. Hulot,1953,Tati, J.,http://www.imdb.com/title/tt0046487/,fra,146,RUND-TING,
Life of Brian,1979,Jones, T.,http://www.imdb.com/title/tt0079470/,eng,133,HERN-KIRU,
Lifeforce,1985,Hooper, T.,http://www.imdb.com/title/tt0089489/,eng,140,HERN-KIRU,
Lisa e il diavolo,1972,Bava, M.,http://www.imdb.com/title/tt0068863/,eng/-,,XRET,
Little Big Man,1970,Penn, A.,http://www.imdb.com/title/tt0065988/,eng,47,PAIS-RUMO,
Live and Let Die,1973,Hamilton, Guy,http://www.imdb.com/title/tt0070328/,eng/fin,,XRET,
Luca il contrabbandiere,1980,Fulci, L.,http://us.imdb.com/Title?0081081,ita/eng,75,E-HERM,
Lucky Luciano,1973,,http://us.imdb.com/Title?0071782,eng/fin,,XRET,
Luther,2003,Till, E.,http://www.imdb.com/title/tt0309820/,eng,138,RUND-TING,
Maa,1976,,http://www.imdb.com/title/tt0276309/,hin/eng,,XRET,
Maailman kahdeksan ihmettä,1990,TV,http://www.imdb.com/title/tt0166446/,fin/-,,L,
MacKennas Gold,1969,Lee Thompson, J. ,http://www.imdb.com/title/tt0064615/,eng/eng,166,KIRV-MAAO,
Mad Max,1979,Miller, G.,http://www.imdb.com/title/tt0079501/,eng,10,MAAP-PAIR,
Magnum Force,1973,Post, Ted,http://www.imdb.com/title/tt0070355/,eng/eng,70,PAIS-RUMO,
Maschera del Demonio Black Sunday,1960,Bava, M,http://www.imdb.com/title/tt0054067/,,,XBOX,http://jupiter.neetud.com/2008/01/black-sunday-1960.html
Masters of Horror: Jenifer,2005,Argento, D.,http://www.imdb.com/title/tt0643108/,eng/est,,XRET,
Meet the Feebles,1989,Jackson, P.,http://www.imdb.com/title/tt0097858/,eng/fin,,XRET,
Memoirs of Geisha,2005,Marshall, R.,http://www.imdb.com/title/tt0397535/,eng/est,,XRET,
Mesto vstrechi iszmenit nelzja,1979,,http://www.imdb.com/title/tt0078655/,rus/eng,,XRET,
Metropolis,1927,Lang, F.,http://www.imdb.com/title/tt0017136/,,181,KIRV-MAAO,
Metroporisu,2001,Rintaro,http://www.imdb.com/title/tt0293416/,jap/eng,65,RUND-TING,
Miami Vice,2006,Mann, M.,http://www.imdb.com/title/tt0430357/,,1,MAAP-PAIR,
Milano calibro 9,1972,Di Leo, F.,http://www.imdb.com/title/tt0067429/,ita/eng,24,A-DYN,
Milano: il clan dei Calabresi,1974,Stegani, Giorgio,http://www.imdb.com/title/tt0198757/,ita/,,A-DYN,
Mirror Crackd,1980,Hamilton, G.,http://www.imdb.com/title/tt0081163/,eng/fin,,XRET,
Mon oncle,1958,Tati, J.,http://www.imdb.com/title/tt0050706/,fra,147,RUND-TING,
Monty Python and the Holy Grail,1975,Gilliam, Terry,http://www.imdb.com/title/tt0071853/,eng/,186,E-HERM,
Monty Python Flying Circus E1.1,1.2,1.3,1969,,http://www.imdb.com/title/tt0063929/,eng,,XRET,
Moon,2009,Jones, D.,http://www.imdb.com/title/tt1182345/,eng/eng,,,
Moonraker,1979,Gilbert, L.,http://us.imdb.com/Title?0079574,eng/fin,,XRET,
Mosura Mothra,1961,Honda, Ishiro,http://www.imdb.com/title/tt0055198/,jap/,,HERN-KIRU,
Mr. Majestyk,1974,Fleischer, R.,http://www.imdb.com/title/tt0071866/,eng/eng,90,E-HERM,http://jupiter.neetud.com/2009/01/mr-majestyk-1974.html
Münchhausen,1943,Albers, Hans,http://www.imdb.com/title/tt0036191/,ger/eng,116,A-DYN,
Murderock - uccide a passo di danza,1984,Fulci, L.,http://www.imdb.com/title/tt0087759/,eng/-,77,E-HERM,http://jupiter.neetud.com/2008/12/murderock-1984.html
Nachts, wenn Dracula erwacht El conde Dracula 2,1970,Franco, J.,http://www.imdb.com/title/tt0065569/,eng/-,45,E-HERM,http://jupiter.neetud.com/2008/03/nachts-wenn-dracula-erwacht-1970.html
Nanook of the North,1922,Flahery, R.,http://www.imdb.com/title/tt0013427/,-/-,114,E-HERM,
Narayama Bushiko,1958,Kinoshita, Keisuke,http://www.imdb.com/title/tt0051980/,,,HERN-KIRU,
Narayama bushiko 2,1983,Imamura, Shohei,http://www.imdb.com/title/tt0084390/,jap/eng,149,HERN-KIRU,
National Geographic: Sea Monsters,,DOC,,eng,104,,
Nattevagten,1994,Bornedal, Ole ,http://www.imdb.com/title/tt0110631/,dan/eng,11,A-DYN,http://jupiter.neetud.com/2008/12/nightwatch-1994.html
Necronomicon,1993,Gans, C., Kaneko, S.,http://www.imdb.com/title/tt0107664/,eng/-,43,E-HERM,
Nico - Above the Law,1988,Davis, A.,http://www.imdb.com/title/tt0094602/,eng/,97,A-DYN,
Night of Ghouls,1959,Wood Jr, Ed,http://www.imdb.com/title/tt0156843/,eng/-,,XBOX,
Nineteen Eighty-Four,1984,Radford, M.,http://us.imdb.com/Title?0087803,,52,PAIS-RUMO,
Non si deve profanare il sonno dei morti Let Sleeping Corpses Lie,1974,Grau, Jorge ,http://www.imdb.com/title/tt0071431/,esp/eng,49,E-HERM,Luu
Nora ino Stray Dog,1949,Kurosawa, A.,http://www.imdb.com/title/tt0041699/,jpn/eng,,XBOX,
Nosferatu,1922,Murnau, F. W.,http://www.imdb.com/title/tt0013442/,-/eng,103,MAAP-PAIR,
Nosferatu, Phantom der Nachts,1979,Hertzog,http://www.imdb.com/title/tt0079641/,ger/eng,153,HERN-KIRU,
Octopussy,1983,Glen, John,http://www.imdb.com/title/tt0086034/,,67,E-HERM,
Olsenbanden 4,1973,Bohwim, Knut,http://www.imdb.com/title/tt0132377/,dan/fin,26,A-DYN,; vale olsenbanden mitte see Egon, kes kinos
Once Upon a Time in America 2,1984,Leone, S.,http://www.imdb.com/title/tt0087843/,eng,173,KIRV-MAAO,2x
Once Upon a Time in the West,1968,,http://www.imdb.com/title/tt0064116/,eng/eng,,XRET,
One Flew Over Cuckoos Nest,1975,Forman, Milos,http://www.imdb.com/title/tt0073486/,eng/eng,114,E-HERM,
Onibaba,1964,Shindo, Oneto,http://www.imdb.com/title/tt0058430/,jap/eng,72,RUND-TING,
Operazione paura Kill, Baby... Kill!,1966,Bava, M.,http://www.imdb.com/title/tt0060794/,eng/eng,,XBOX,
Ordinary Decent Criminal,2000,,http://us.imdb.com/Title?0160611,eng/est,,XRET,
Orgazmo,1997,,http://www.imdb.com/title/tt0124819/,eng/est,,XRET,
Otoshiana Pitfall,1962,Teshigahara, Hiroshi,http://www.imdb.com/title/tt0203612/,jap/eng,81,RUND-TING,
Pale Rider,1985,Eastwood, C.,http://www.imdb.com/title/tt0089767/,eng/eng,,XRET,
Panic In Needle Park,1971,,http://www.imdb.com/title/tt0067549/,eng/fin,,XRET,
Papillon,1973,Schaffner, F.,http://us.imdb.com/Title?0070511,,140,RUND-TING,
Paprika,2006,Kon, S.,http://www.imdb.com/title/tt0851578/,jap/eng,183,KIRV-MAAO,
Per qualche dollaro in più For a Few Dollars More,1965,Leone, S.,http://www.imdb.com/title/tt0059578/,eng,,,
Per un pugno di dollari Fistful of Dollars,1964,Leone, S.,http://www.imdb.com/title/tt0058461/,eng/fin,,XRET,
Phantom,1922,Murnau, F. W. ,http://www.imdb.com/title/tt0013496/,-/eng,82,MAAP-PAIR,
Phantom of the Opera,1998,Argento, D.,http://www.imdb.com/title/tt0119889/,ita/eng,13,A-DYN,
Pierrot le Fou,1965,Godard, J.-L.,http://www.imdb.com/title/tt0059592/,fra/eng,,XRET,http://jupiter.neetud.com/2007/12/hull-pierrot-1965.html
Pink Panther Strikes Again,1976,Edwards, Blake,http://www.imdb.com/title/tt0075066/,eng/fin,,XRET,
Pirates,1986,Polanski, R.,http://www.imdb.com/title/tt0091757/,eng/-,46,PAIS-RUMO,
Pit and the Pendulum,1961,Corman, Roger,http://www.imdb.com/title/tt0055304/,eng/,101,A-DYN,
Plan 9 From Outer Space,1959,Wood Jr. Ed,http://us.imdb.com/Title?0052077,eng/-,,XBOX,
Planet of the Apes,1968,Schaffner, F.,http://us.imdb.com/Title?0063442,,139,RUND-TING,
Planet Terror,2007,Rodriguez, R.,http://www.imdb.com/title/tt1077258/,eng,41,PAIS-RUMO,
Play Time,1967,Tati, J.,http://us.imdb.com/Title?0062136,,160,RUND-TING,
Porno Holocaust,1981,DAmato, J.,http://www.imdb.com/title/tt0235686/,,103,A-DYN,Luu
Prince of Darkness,1987,Carpenter, J.,http://www.imdb.com/title/tt0093777/,eng/eng,105,A-DYN,
Profondo rosso 2,1975,Argento, D.,http://www.imdb.com/title/tt0073582/,ita/fin,1,A-DYN,
Pulgasari,1985,Chong Gon Jo,http://www.imdb.com/title/tt0089851/,kor/eng,5,A-DYN,http://jupiter.neetud.com/2008/10/pulgasari-1985.html
Pusher,1996,Refn, N. W.,http://www.imdb.com/title/tt0117407/,dan/fin,,XRET,
Pusher 3,2005,Refn, N. W.,http://us.imdb.com/Title?0425379,dan/fin,56,PAIS-RUMO,
Pusher II,2004,Refn, N. W.,http://us.imdb.com/Title?0396184,dan/fin,55,PAIS-RUMO,
Rashomon,1950,Kurosawa, A.,http://us.imdb.com/Title?0042876,,,XBOX,
Rasputin: The Mad Monk,1966,,http://www.imdb.com/title/tt0059635/,eng/-,,XRET,
Red Dwarf S12 2,1988,TV,http://www.imdb.com/title/tt0094535/,eng/eng,7,L,
Rejected Cartoons,2000,Hertzfeldt, Don ,http://www.imdb.com/title/tt0234588/,eng,121,HERN-KIRU,
Renaissance,2006,Volckman, C.,http://www.imdb.com/title/tt0386741/,,169,TINK-YVER,
Repulsion,1965,Polanski, R.,http://www.imdb.com/title/tt0059646/,,44,PAIS-RUMO,
Reservoir Dogs,1992,Tarantino, Q.,http://www.imdb.com/title/tt0105236/,eng/fin,142,RUND-TING,
Return of the Fly,1959,,http://www.imdb.com/title/tt0053219/,eng/eng,,XRET,
Revenge of the Pink Panther,1978,Edwards, Blake,http://www.imdb.com/title/tt0078163/,eng/fin,,XRET,
Rio Bravo,1959,,http://www.imdb.com/title/tt0053221/,eng/eng,,XRET,
Rio Lobo,1970,Hawks, Howard,http://www.imdb.com/title/tt0066301/,eng/,52,E-HERM,o: John Wayne
Rise and Fall of Idi Amin,1981,Patel, S.,http://www.imdb.com/title/tt0081430/,eng/,,PAIS-RUMO,
Robinson Crusoe on Mars,1964,Haskin, Byron,http://www.imdb.com/title/tt0058530/,eng/eng,113,E-HERM,http://jupiter.neetud.com/2009/01/robinson-crusoe-on-mars-1964.html
Rosemarys Baby,1968,Polanski, Roman,http://www.imdb.com/title/tt0063522/,eng/eng,193,PAIS-RUMO,
Ruja,2008,Ojasoo, Semper,,est/-,,XRET,
Rukajärven tie,1999,Saarela, O.,http://www.imdb.com/title/tt0162625/,fin/est,,XRET,
Saatana pisar,1993,Piestrak, M.,http://www.imdb.com/title/tt0204635/,rus/-,,,
Sakuran,2006,Ninagawa,http://www.imdb.com/title/tt0794338/,jpn/eng,26,MAAP-PAIR,
Salò o le 120 giornate di Sodoma 2,1975,Pasolini, P. P.,http://www.imdb.com/title/tt0073650/,,63,PAIS-RUMO,
Samurai,1965,Okamoto, Kinachi,http://www.imdb.com/title/tt0059673/,jap/,67,PAIS-RUMO,
Saw,2004,Wan, J.,http://www.imdb.com/title/tt0387564/,eng/swe,168,TINK-YVER,
Scanners,1981,Cronenberg, D.,http://www.imdb.com/title/tt0081455/,eng/eng/fin,96,A-DYN,
Scarface,1932,Hawks, H.,http://www.imdb.com/title/tt0023427/,eng,63,E-HERM,
Scarface,1983,De Palma, B.,http://us.imdb.com/Title?0086250,eng/eng,,XRET,
Secret Space Vol 1,2007,DOC,http://www.secretspacedvd.com/,,151,RUND-TING,Dokumentaal
Seddok, lerede di Satana Atom Age Vapire,1960,Majano, A.,http://www.imdb.com/title/tt0054285/,eng/-,19,MAAP-PAIR,
Seksmisja,1984,Machulski, J.,http://www.imdb.com/title/tt0088083/,pol/eng,35,MAAP-PAIR,
Serenity,2005,Whedon, J.,http://www.imdb.com/title/tt0379786/,,161,TINK-YVER,
Serpico,1973,Lumet, S.,http://www.imdb.com/title/tt0070666/,,96,KIRV-MAAO,
She-wolf of London,1946,,http://www.imdb.com/title/tt0038934/,eng/eng,,XBOX,
Shichinin no samurai Seven Samurai,1954,Kurosawa, A.,http://us.imdb.com/Title?0047478,jpn/eng,,XBOX,
Shin jingi no hakaba Graveyeard of Honor,2002,Miike, T.,http://www.imdb.com/title/tt0316599/,jap/est,,XRET,
Shin Zatôichi: Yabure! Tojin-ken Zatoichi 22,1971,Kimiyoshi, Y.,http://www.imdb.com/title/tt0066602/,jap/eng,134,HERN-KIRU,
Shogun 4,1980,,http://www.imdb.com/title/tt0080274/,eng/eng,,XBOX,
Short Circuit,1986,Badham, John ,http://www.imdb.com/title/tt0091949/,eng/-,9,A-DYN,http://jupiter.neetud.com/2008/11/lhis-1986.html
Short Films of Jan Svankmajer,,Svankmajer, Jan,,,10,L,
Sien nui yau wan Chinese Ghost Story,1987,Ching, Siu-Tung,http://www.imdb.com/title/tt0093978/,chn/eng,106,A-DYN,
Siin me oleme!,1979,Nõmmik, S.,http://us.imdb.com/Title?0374223,est/-,29,MAAP-PAIR,
Silent Running,1972,Trumbull, Douglas,http://www.imdb.com/title/tt0067756/,eng/eng,178,TINK-YVER,
Sleeper,1973,Allen, W.,http://www.imdb.com/title/tt0070707/,eng/eng,,XRET,
Solaris 2,1972,Tarkovski, A.,http://us.imdb.com/Title?0069293,rus/,129,RUND-TING,
Soleil rouge Red Sun,1971,Young, Terence,http://www.imdb.com/title/tt0067770/,eng/fin,,XRET,
Son of Dracula,1943,,http://www.imdb.com/title/tt0036376/,eng/fin,,XBOX,
Son of Frankenstein,1939,,http://www.imdb.com/title/tt0031951/,eng/eng,,XBOX,
Son of the Dragon,2006,Wu, D.,http://www.imdb.com/title/tt0874679/,eng/eng,165,TINK-YVER,
Song of the South,1946,,http://www.imdb.com/title/tt0038969/,eng/-,42,E-HERM,
Sorcerer,1977,Friedkin, W.,http://us.imdb.com/Title?0076740,eng/,68,E-HERM,
Soylent Green,1973,Fleischer, Richard,http://www.imdb.com/title/tt0070723/,eng/eng,86,E-HERM,
Spartacus 2,1960,Kubrick, S.,http://www.imdb.com/title/tt0054331/,eng,193,KIRV-MAAO,2x
Spy Sorge,2003,,http://us.imdb.com/Title?0316665,eng/est,,XRET,
Staflik a Spagetka,,,,,,,
Stalker,1979,Tarkovski, A.,http://us.imdb.com/Title?0079944,rus/,,RUND-TING,
Star Trek IV: The Voyage Home,1986,Nimoy, L.,http://www.imdb.com/title/tt0092007/,eng/fin,,XRET,
Star Wars: Clone Wars,2008,Filoni, D.,http://www.imdb.com/title/tt1185834/,eng/eng,110,E-HERM,
Stargate,1994,Emmerich, R.,http://www.imdb.com/title/tt0111282/,eng,64,E-HERM,
Starman,1984,Carpenter, J.,http://www.imdb.com/title/tt0088172/,eng,95,A-DYN,
Straw Dogs,1971,,http://us.imdb.com/Title?0067800,eng/-,,XRET,
Sudden Impact,1983,Eastwood, Clint,http://www.imdb.com/title/tt0086383/,eng/eng,93,E-HERM,
Suicide Kings,1997,OFallon, P.,http://us.imdb.com/Title?0120241,,21,MAAP-PAIR,
Suna no onna Woman in the Dunes,1964,Teshigahara, Hiroshi,http://www.imdb.com/title/tt0058625/,jap/eng,,RUND-TING,
Suspiria,1977,Argento, D.,http://www.imdb.com/title/tt0076786/,eng/-,,XRET,
Tabor ukhodit v nebo,1975,,http://us.imdb.com/Title?0073781,rus/fin,,XRET,
Tanin no kao The Face of Another,1966,Teshigahara, Hiroshi,http://www.imdb.com/title/tt0061065/,jap/eng,83,RUND-TING,
Tarzan Escapes,1936,Thorpe, Richard; o: Johnny Weissmüller,http://www.imdb.com/title/tt0028345/,,125,RUND-TING,
Tarzan the Ape Man,1932,Van Dyke, W.S.,http://www.imdb.com/title/tt0023551/,,176,TINK-YVER,
Taxi Driver,1976,Scorsese, M.,http://www.imdb.com/title/tt0075314/,,137,RUND-TING,
Tenebre Tenebrae,1982,Argento, D.,http://www.imdb.com/title/tt0084777/,ita/fin,,XRET,
Terminator Salvation,2009,McG,http://www.imdb.com/title/tt0438488/,eng/eng,,,
Testament professora douelja,1984,Menaker, L.,http://www.imdb.com/title/tt0088447/,rus/eng,,XRET,http://jupiter.neetud.com/2007/11/professor-dowelli-testament-1984.html
The 7th Voyage of Sinbad,1958,Juran, N.,http://us.imdb.com/Title?0051337,,137,HERN-KIRU,
The Addiction,1995,,http://www.imdb.com/title/tt0112288/,eng/est,,XRET,
The Best of Father Ted,1995,Lowney, D.,http://www.imdb.com/title/tt0111958/,eng,186,KIRV-MAAO,
The Blob,1958,Yeaworth Jr.,http://www.imdb.com/title/tt0051418/,,,,
The Bourne Identity 2,1988,Young, Roger,http://www.imdb.com/title/tt0094791/,eng/eng,181,TINK-YVER,http://jupiter.neetud.com/2007/10/bourne-identity-19882002.html
The Boys from Brazil,1978,,http://us.imdb.com/Title?0077269,,,XRET,
The Bridge on the River Kwai,1957,Lean, D.,http://www.imdb.com/title/tt0050212/,eng/eng,185,KIRV-MAAO,
The Burning,1981,Maylam, T.,http://www.imdb.com/title/tt0082118/,,30,MAAP-PAIR,
The Call of Cthulhu,2005,Leman, A.,http://us.imdb.com/Title?0478988,-/eng,165,KIRV-MAAO,
The China Syndrome,1979,Bridges, J.,http://www.imdb.com/title/tt0078966/,eng/eng,98,A-DYN,
The Counterfeit Traitor,1962,,http://www.imdb.com/title/tt0055871/,eng/eng,,XRET,
The Day of the Locust,1975,Schlesinger, John,http://www.imdb.com/title/tt0072848/,eng/eng,84,RUND-TING,
The Day of the Triffids,1981,Hannam, K.,http://www.imdb.com/title/tt0081850/,eng/eng,50,E-HERM,http://jupiter.neetud.com/2008/05/day-of-triffids-1981.html
The Day the Earth Stood Still,1951,Wise, R.,http://www.imdb.com/title/tt0043456/,eng/eng,179,TINK-YVER,
The Deer Hunter,1978,Cimino, M,http://www.imdb.com/title/tt0077416/,eng/eng,110,A-DYN,
The Driver,1978,Hill, Walter,http://www.imdb.com/title/tt0077474/,eng/eng,157,HERN-KIRU,http://jupiter.neetud.com/2009/02/driver-1978.html
The Dunwich Horror,1970,Haller,D.,http://www.imdb.com/title/tt0065669/,eng/eng,111,E-HERM,http://jupiter.neetud.com/2008/09/dunwich-horror-1970.html
The Early Bird,1965,Asher, R.,http://www.imdb.com/title/tt0059143/,eng/eng,10,A-DYN,o: N. Wisdom
The Enforcer,1976,Fargo, James,http://www.imdb.com/title/tt0074483/,eng/eng,94,E-HERM,
The Exorcism of Emily Rose,2005,Derrickson, S.,http://us.imdb.com/Title?0404032,,87,A-DYN,
The Fly,1958,Neumann, Kurt,http://www.imdb.com/title/tt0051622/,eng,33,MAAP-PAIR,
The Funeral,1996,Ferrara, Abel,http://us.imdb.com/Title?0116378,eng/est,,XRET,
The Gods Must Be Crazy,1980,Uys, J.,http://us.imdb.com/Title?0080801,,171,TINK-YVER,
The Gods Must Be Crazy II,1989,Uys, J.,http://us.imdb.com/Title?0097443,,172,TINK-YVER,
The Golden Voyage of Sinbad,1974,Hessler, G.,http://us.imdb.com/Title?0071569,,138,HERN-KIRU,
The Great Escape,1963,Sturges, J.,http://www.imdb.com/title/tt0057115/,,149,RUND-TING,
The Hitchhikers Guide to the Galaxy,2005,Jennings, G.,http://us.imdb.com/Title?0371724,eng/eng,136,HERN-KIRU,
The Hunger,1983,Scott, Tony o: Bowie, Deneuve,http://www.imdb.com/title/tt0085701/,eng/eng,154,RUND-TING,
The Illusionist,2006,Burger, N.,http://www.imdb.com/title/tt0443543/,,85,A-DYN,
The Killer Elite,1975,Peckinpah, S.,http://www.imdb.com/title/tt0073240/,,50,PAIS-RUMO,
The Killing,1956,Kubrick, S.,http://us.imdb.com/Title?0049406,eng,180,KIRV-MAAO,
The Last Emperor,1987,Bertolucci, B.,http://www.imdb.com/title/tt0093389/,org/fin,,XRET,
The Last King of Scotland,2006,MacDonald, K.,http://www.imdb.com/title/tt0455590/,eng/eng,23,MAAP-PAIR,
The Last Temptation of Christ,1988,Scorsese, M.,http://us.imdb.com/Title?0095497,eng/fin,,XRET,
The Legend of the Hell House,1973,Hough, J.,http://www.imdb.com/title/tt0070294/,eng,132,HERN-KIRU,
The Lord of the Rings,1978,Bakshi, Ralph,http://www.imdb.com/title/tt0077869/,eng/eng,31,A-DYN,
The Magnificent Seven,1960,Sturges, J.,http://www.imdb.com/title/tt0054047/,eng/eng,,XRET,
The Man Who Shot Liberty Valance,1962,Ford, John,http://www.imdb.com/title/tt0056217/,eng/,51,E-HERM,o: Wayne
The Meaning of Life,1983,Jones, Terry,http://www.imdb.com/title/tt0085959/,eng/,93,KIRV-MAAO,
The Mechanic,1972,Winner, M.,http://us.imdb.com/Title?0068931,eng/fin,,XRET,
The Odd Couple,1968,Saks, Gene,http://www.imdb.com/title/tt0063374/,,153,RUND-TING,
The Omega Man,1971,Sagal, Boris,http://www.imdb.com/title/tt0067525/,eng,88,RUND-TNG,
The Omen,1976,Donner, R.,http://www.imdb.com/title/tt0075005/,,,A-DYN,
The Passion of the Christ,2004,,http://us.imdb.com/Title?0335345,org/est,,XRET,
The Prisoner 6,1967,SERIES,http://us.imdb.com/Title?0061287,eng/eng,,XBOX,
The Quatermass Xperiment,1955,,http://us.imdb.com/Title?0049646,eng/-,,XRET,
The Quiet Earth,1985,Murphy, Geoff,http://www.imdb.com/title/tt0089869/,eng/-,111,MAAP-PAIR,http://jupiter.neetud.com/2009/01/quiet-earth-1985.html
The Road to Wellville,1994,,http://us.imdb.com/Title?0111001,eng/est,,XRET,
The Satanic Rites of Dracula,1973,Gibson, Alan,http://www.imdb.com/title/tt0070634/,eng/-,41,E-HERM,
The Shining 2,1980,Kubrick, S.,http://www.imdb.com/title/tt0081505/,eng/,197,KIRV-MAAO,
The Sound of Music,1965,Wise, R.,http://www.imdb.com/title/tt0059742/,eng,167,TINK-YVER,
The Spy Who Loved Me,1977,Gilbert, L.,http://www.imdb.com/title/tt0076752/,eng/fin,,XRET,
The Taking of Power of Louis XIV,1966,Rossellini, Roberto,http://www.imdb.com/title/tt0060860/,fra/eng,73,PAIS-RUMO,http://jupiter.neetud.com/2009/01/lugu-pikesekuningast.html
The Thief of Bagdad,1940,Berger, L.,http://us.imdb.com/Title?0033152,eng/-,30,A-DYN,
The Thing,1982,Carpenter, J.,http://www.imdb.com/title/tt0084787/,eng/eng,106,A-DYN,
The Threepenny Opera,1931,Pabst, Georg Wilhelm,http://www.imdb.com/title/tt0021818/,,74,PAIS-RUMO,
The Toxic Avenger uncut 2,1984,Kaufman-Hertz,http://www.imdb.com/title/tt0090190/,eng/-,147,HERN-KIRU,
The Treasure of Sierra Madre,1948,Huston, J.,http://www.imdb.com/title/tt0040897/,eng/eng,125,HERN-KIRU,
The True Story of Frank Zappas 200 Motels,1988,Zappa, F.,http://www.imdb.com/title/tt0096313/,eng,166,TINK-YVER,Dokumentaal
The Twelve Chairs,1970,Brooks, M.,http://www.imdb.com/title/tt0066495/,eng/,33,A-DYN,
The Ugly,1997,Reynolds, Scott,http://www.imdb.com/title/tt0120401/,eng/swe,,,
The Uncanny,1977,Horror Box,http://www.imdb.com/title/tt0076853/,eng/-,,XBOX,
The Valley of Gwangi,1969,OConnolly, J.,http://www.imdb.com/title/tt0065163/,eng,9,MAAP-PAIR,
The Vikings,1958,Fleischer, R.,http://www.imdb.com/title/tt0052365/,eng/eng,57,E-HERM,Luu
The Village,2004,Night Shyamalan, M.,http://www.imdb.com/title/tt0368447/,,13,MAAP-PAIR,
The Wall,1982,Parker, A.,http://www.imdb.com/title/tt0084503/,eng,53,PAIS-RUMO,
The Wicker Man,1973,Hardy, R.,http://www.imdb.com/title/tt0070917/,eng/-,74,E-HERM,Lee, Woodward
The Wild Blue Yonder,2005,Herzog, W.,http://www.imdb.com/title/tt0443693/,,144,HERN-KIRU,
The Wild Bunch,1969,Peckinpah, S.,http://us.imdb.com/Title?0065214,eng/eng,,XRET,
The Wolf Man,1945,,http://www.imdb.com/title/tt0034398/,eng/eng,,XBOX,
The X-Files S1 5,1993,TV,http://www.imdb.com/title/tt0106179/,,,L,
The X-Files S2 7,,,,,,,
The Young Ones S1-S2 2,1982,TV,http://www.imdb.com/title/tt0083505/,,5,L,
Theatre of Blood,1973,Hickox, D.,http://us.imdb.com/Title?0070791,,139,HERN-KIRU,
Them!,1954,Douglas, G.,http://us.imdb.com/Title?0047573,,81,A-DYN,
Three Days of the Condor,1975,Pollack, S.,http://www.imdb.com/title/tt0073802/,eng/eng,42,PAIS-RUMO,http://jupiter.neetud.com/2008/05/kondori-kolm-peva-1975.html
THX 1138,1971,Lucas, George,http://www.imdb.com/title/tt0066434/,eng/eng,92,KIRV-MAAO,
Tiempo di massacro,1966,Fulci, L.,http://www.imdb.com/title/tt0061074/,,38,A-DYN,
Time Bandits,1981,Gilliam, T.,http://us.imdb.com/Title?0081633,eng/fin,,XRET,
Tinker, Tailor, Soldier, Spy 2,1979,Irvin, J.,http://www.imdb.com/title/tt0080297/,eng/,127,HERN-KIRU,
Titus,1999,Taymor, Julie,http://www.imdb.com/title/tt0120866/,eng/eng,159,RUND-TING,
Tokyo Gore Police,2008,Nishimura, Yoshi,http://www.imdb.com/title/tt1183732/,jap/eng,91,MAAP-PAIR,
Toology,2001,DOC,http://www.blockbuster.com/movies/tool-toology-unauthorized-biography.html,,,XRET,Dokumentaal
Tootsie,1982,Pollack, S,http://www.imdb.com/title/tt0084805/,eng/eng,66,PAIS-RUMO,
Topâzu Tokyo Decadence,1992,Murakami, Ryu,http://www.imdb.com/title/tt0105622/,,32,MAAP-PAIR,
Tortura,2008,Effenberger, M,http://www.imdb.com/title/tt1402362/,ger/-,97,E-HERM,
Trafic,1971,Tati, J.,http://www.imdb.com/title/tt0069400/,fra,116,RUND-TING,
Trail of the Pink Panther,1982,Edwards,B.,http://www.imdb.com/title/tt0084814/,eng/eng,58,E-HERM,Luu
Trainspotting,1996,Boyle, D.,http://www.imdb.com/title/tt0117951/,eng,96,A-DYN,
Triumph des Willens,1935,Riefenstahl, L.,http://www.imdb.com/title/tt0025913/,ger/eng,43,PAIS-RUMO,
Tropa de Elite,2007,Padilha, J.,http://www.imdb.com/title/tt0861739/,por/eng,7,MAAP-PAIR,
Twins of Evil,1971,Hammer Box,http://www.imdb.com/title/tt0069427/,eng/-,,XBOX,
Ultimo tango a Parigi,1972,Bertolucci, B.,http://www.imdb.com/title/tt0070849/,,,A-DYN,
Un Chien andalou,1929,Bunuel, L.,http://www.imdb.com/title/tt0020530/,-/-,115,A-DYN,
Un Flic,1972,Melville,http://www.imdb.com/title/tt0067900/,fra/eng,,MAAP-PAIR,
Una Lucertola con la pelle di donna,1971,Fulci, L.,http://www.imdb.com/title/tt0067361/,ita/eng,69,E-HERM,
Una pistola per cento bare,1968,Lenzi,U.,http://www.imdb.com/title/tt0063439/,eng/-,195,KIRV-MAAO,
Valhalla,1986,Madsen, P.,http://www.imdb.com/title/tt0094238/,dan/,18,MAAP-PAIR,
Vampire Circus,1972,Hammer Box,http://www.imdb.com/title/tt0067924/,eng/-,,XBOX,
Vampires,1998,Carpenter, J.,http://www.imdb.com/title/tt0120877/,,83,A-DYN,
Vampyr,1932,Dreyer, Carl Theodor,http://www.imdb.com/title/tt0023649/,,164,A-DYN,
Vampyros Lesbos,1970,Franco, J.,http://www.imdb.com/title/tt0066380/,ger/eng,,XRET,
Vennad Karusüdamed,2005,Unt, R,http://www.imdb.com/title/tt0832522/,,173,TINK-YVER,
Versus,2000,Kitamura, R.,http://www.imdb.com/title/tt0275773/,jap/eng,182,KIRV-MAAO,
Vikaren,2007,Borendal, Ole,http://www.imdb.com/title/tt0478394/,dan/,,A-DYN,
Villa Rides,1968,Kulik, Buzz,http://www.imdb.com/title/tt0063775/,eng/-,118,KIRV-MAAO,
Viridiana,1961,Bunuel, Luis ,http://www.imdb.com/title/tt0055601/,,17,A-DYN,
Vuk,1981,Dargary, A.,http://www.imdb.com/title/tt0131636/,hun,eng/eng,23,A-DYN,http://jupiter.neetud.com/2008/09/vuk-1981.html
Wallace & Gromit in The Curse of the Were-Rabbit,2005,Park, N.,http://www.imdb.com/title/tt0312004/,eng/eng,54,PAIS-RUMO,
Warnung vor einer heiligen Nutte Beware of a Holy Whore,1971,Fassbinder, R. W.,http://www.imdb.com/title/tt0067962/,ger/eng,109,TINK-YVER,
Warui yatsu hodo yoku nemuru The Bad Sleep Well,1960,Kurosawa, A.,http://www.imdb.com/title/tt0054460/,jpn/eng,,XBOX,
Werewolf in London,1935,,http://www.imdb.com/title/tt0027194/,eng/eng,,XBOX,
Where is Freedom? Dovē la libertā...?,1954,Rosselini, R.,http://www.imdb.com/title/tt0044562/,ita/eng,,,
Worlds Greatest Animation,1994,Park, Nick,,eng/,71,PAIS-RUMO,
Woyzeck,1979,Hertzog, W.,http://www.imdb.com/title/tt0080149/,ger/eng,154,HERN-KIRU,
Yaju no seishun Youth of the Beast,1963,Suzuki, Seijun,http://www.imdb.com/title/tt0057697/,jap/eng,,RUND-TING,
Yojimbo,1961,Kurosawa, A.,http://www.imdb.com/title/tt0055630/,jap/eng,171,KIRV-MAAO,
Zolotoy telyonok Zolotoi teljonok,2005,,http://us.imdb.com/Title?0417381,rus/-,,XRET,
Zolotye roga,1972,Rou, A.,http://www.imdb.com/title/tt0069544/,rus/eng,62,PAIS-RUMO,
Zombie Holocaust,1980,Girolami, Marino,http://www.imdb.com/title/tt0079788/,,89,E-HERM,
Александр Невский Alekrandr Nevski,1938,,http://us.imdb.com/Title?0029850,rus/eng,,XRET,
Андрей Рублёв Andrei Rublev 2,1969,Tarkovski, A.,http://www.imdb.com/title/tt0060107/,rus/-,123,RUND-TING,
Брежнев Brezhnev,2005,,http://www.imdb.com/title/tt0456862/,rus/-,,XRET,
Вечера на хуторе близ Диканьки Vechera na khutore bliz Dikanki,1961,Rou, A.,http://www.imdb.com/title/tt0057637/,rus/eng,61,PAIS-RUMO,
Вий Viy,1967,Kropatšov,http://www.imdb.com/title/tt0062453/,rus/-,,XRET,http://jupiter.neetud.com/2007/12/vii-1967.html
Волшебная лампа Аладдина Aladdins Magic Lamp,1966,Rõtsajev, B.,http://www.imdb.com/title/tt0167482/,rus/-,133,RUND-TING,
ДАртаньян и три мушкетёра Three Musketeers,1978,Jungvald-Hilkevitch, G.,http://www.imdb.com/title/tt0076998/,rus/,145,HERN-KIRU,
Десять негритят Ten Little Niggers,1987,Govoruhhin, S.,http://www.imdb.com/title/tt0092879/,rus/-,59,E-HERM,http://jupiter.neetud.com/2008/08/kmme-neegrit-1987.html
Дети Арбата Deti Arbata,2004,Eshpaj, A.,http://us.imdb.com/Title?0459686,rus/-,,XRET,
Джентльмены удачи Dzhentelmeny udachi,1972,Serõi, Alekrandr,http://www.imdb.com/title/tt0068519/,rus/eng,77,RUND-TING,
Дикая охота короля Стаха Savage Hunt of King Stach 2,1979,Rubintšik, V.,http://www.imdb.com/title/tt0128164/,rus/eng,157,PAIS-RUMO,
Злой дух Ямбуя Zloy dukh yambuya,1977,Bunejev, Boriss,http://www.imdb.com/title/tt0316624/,rus/eng,105,A-DYN,http://jupiter.neetud.com/2008/12/jambui-me-paha-vaim-1977.html
Золотая баба Zolotaya baba,1986,Kobzev, Viktor,http://www.imdb.com/title/tt0092295/,rus/-,112,KIRV-MAAO,
Иван Грозный Ivan the Terrible,1944,,http://www.imdb.com/title/tt0037824/,rus/eng,,XRET,
Иван Грозный II Ivan the Terrible II,1958,,http://www.imdb.com/title/tt0051790/,rus/eng,,XRET,
Конец операций Резидент,1986,o: Heino Mandri,http://www.imdb.com/title/tt0266702/,rus/-,,,
Космический рейс Kosmitšeskii reis,1934,Žuravljov, V,http://www.imdb.com/title/tt0252612/,rus/eng,114,RUND-TING,
Лунная радуга Lunnaya raduga,1983,Jermaš, Andrei,http://www.imdb.com/title/tt0089618/,rus/eng,,,
Москва-Кассиопея kosmiline diloogia 1,1973,Viktorov, R.,http://www.imdb.com/title/tt0070413/,rus/eng,85,TINK-YVER,
Мушкетёры 20 лет спустя Musketeers 20 Years Later 2,1992,Jungvald-Hilkevitch, G.,http://www.imdb.com/title/tt0125418/,rus/-,141,HERN-KIRU,
Остров Island,2006,Lungin, P.,http://www.imdb.com/title/tt0851577/,rus/eng,117,KIRV-MAAO,
Отроки во вселенной kosmiline diloogia 2,1974,Viktorov, R.,http://www.imdb.com/title/tt0071957/,rus/eng,86,TINK-YVER,
Падение Берлина Fall of Berlin,1949,Tšiuareli, M.,http://www.imdb.com/title/tt0041727/,rus/-,174,TINK-YVER,
Пираты XX века Pirates of 20th Century,1979,Durov, B.,http://www.imdb.com/title/tt0151987/,rus/-,28,A-DYN,http://jupiter.neetud.com/2008/09/xx-sajandi-piraadid-1979.html
Самогонщики Moonshiners,1961,,http://www.imdb.com/title/tt0055400/,rus/-,,XRET,
Сволочи,2006,,http://us.imdb.com/Title?0460012,rus/-,,XRET,
Собачье сердце Sobachee serdtse,1988,Bortko, Vladimir,http://www.imdb.com/title/tt0096126/,rus/eng,120,A-DYN,
Судьба резидента Sudba rezidenta,1970,Dorman, Venjamin,http://www.imdb.com/title/tt0314736/,rus/-,,XRET,
Табор уходит в небо Queen of Gypsies,1975,Lotianu, Emil,http://www.imdb.com/title/tt0073781/,rus/fin,,XRET,
Чапаев Chapaev,1934,,http://us.imdb.com/Title?0024966,rus/eng,,XRET,
Mongol,2007,Bodrov,S.,http://www.imdb.com/title/tt0416044/,,161,A-DYN,
Star Wars V,1980,Kershner, I,http://www.imdb.com/title/tt0080684/,,87,HERN-KIRU,
The 3 Wolrds of Gulliver,1960,Sher, Jack,http://www.imdb.com/title/tt0053882/,,84,RUND-TING,
Mark of the Devil,1970,Armstrong, Michael,http://www.imdb.com/title/tt0065491/,,163,A-DYN,
Long Hair of Death, The,1964,Margheriti, A,http://www.imdb.com/title/tt0058307/,,99,MAAP-PAIR,
Angel for Satan,1966,Mastrocinque, Camille,http://www.imdb.com/title/tt0060109/,,100,MAAP-PAIR,
Amadeus,1984,Forman, Milos,http://www.imdb.com/title/tt0086879/,,99,E-HERM,
Godfather, The Pt1,1972,Coppola,http://www.imdb.com/title/tt0068646/,,165,A-DYN,
Godfather, The Pt2,1974,Coppola,http://www.imdb.com/title/tt0071562/,,166,A-DYN,
V nachale slavnykh del,1986,Gerassimov, Sergei,http://www.imdb.com/title/tt0171874/,rus/eng,98,E-HERM,
Mihai Vitaezul,1971,Nicolaescu, Sergiu,http://www.imdb.com/title/tt0066078/,rom/eng,103,MAAP-PAIR,
Lilovyy shar,1987,Arsjonov, Pavel,http://www.imdb.com/title/tt0093419/,,167,A-DYN,
Spy Who Came In from The Cold,1965,Ritt, Martin,http://www.imdb.com/title/tt0059749/,,75,PAIS-RUMO,
Jason and the Argonauts,1963,Chaffey, Don,http://www.imdb.com/title/tt0057197/,,168,A-DYN,
Jar City,2006,Kormakur, Baltasar,http://www.imdb.com/title/tt0805576/,,94,KIRV-MAAO,
Baader-Meinhof Complex,2008,Edel, Uli,http://www.imdb.com/title/tt0765432/,,185,E-HERM,
Rändaja,2010,Uppin, Robi,,est/,170,TINK-YVER,
Harakiri,1962,Kobayashi, Ma,http://www.imdb.com/title/tt0056058/,,95,KIRV-MAAO,
Star Wars IV,1977,Lucas, G,http://www.imdb.com/title/tt0076759/,,88,KIRV-MAAO,
Star Wars VI,1983,Marquand, R,http://www.imdb.com/title/tt0086190/,,105,MAAP-PAIR,
Wild Orchid,1990,King, Zalman,http://www.imdb.com/title/tt0100934/,,97,KIRV-MAAO,
Last Tango In Paris,1972,Bertolucci, B.,http://www.imdb.com/title/tt0070849/,,169,A-DYN,
Deserto del tatari,1976,Zurlini, Valerio,http://www.imdb.com/title/tt0074400/,,115,RUND-TING,
Mesrine,2008,Richet, J-F,http://www.imdb.com/title/tt1259014/,,79,PAIS-RUMO,
Marco Polo,1982,TV,http://www.imdb.com/title/tt0083446/,,19-22,L,
X-Files S1,,,,,13-18,L,
Propaganda in USSR animated,,,,,23-25,L,
Dark Star,1974,Carpenter, John,,,170,A-DYN,
4 Flies on Grey Velvet,1971,Argento, Dario,,,171,A-DYN,
Gatto Negro,1981,Fulci, Lucio,http://www.imdb.com/title/tt0080440/,,187,E-HERM,
